EL,ID,Model,Number
38,275,Multimedijska oprema - Stolno računalo za postprodukciju,1
36,125,Multimedijska oprema - Stolno računalo za postprodukciju,1
19,3637,Multimedijska oprema - Stolno računalo za postprodukciju,1
306,5499,Multimedijska oprema - Motorizirani stalak za zaslone ,1
310,3986,Multimedijska oprema - Motorizirani stalak za zaslone ,1
311,290,Multimedijska oprema - Motorizirani stalak za zaslone ,1
312,168,Multimedijska oprema - Motorizirani stalak za zaslone ,1
316,1972,Multimedijska oprema - Motorizirani stalak za zaslone ,1
323,173,Multimedijska oprema - Motorizirani stalak za zaslone ,1
327,1939,Multimedijska oprema - Motorizirani stalak za zaslone ,1
328,275,Multimedijska oprema - Motorizirani stalak za zaslone ,1
333a,221,Multimedijska oprema - Motorizirani stalak za zaslone ,1
335,6229,Multimedijska oprema - Motorizirani stalak za zaslone ,1
336a,222,Multimedijska oprema - Motorizirani stalak za zaslone ,1
336b,222,Multimedijska oprema - Motorizirani stalak za zaslone ,1
336c,222,Multimedijska oprema - Motorizirani stalak za zaslone ,1
338,5717,Multimedijska oprema - Motorizirani stalak za zaslone ,1
341,172,Multimedijska oprema - Motorizirani stalak za zaslone ,1
343,281,Multimedijska oprema - Motorizirani stalak za zaslone ,1
345,158,Multimedijska oprema - Motorizirani stalak za zaslone ,1
308a,368,Multimedijska oprema - Motorizirani stalak za zaslone ,1
308b,368,Multimedijska oprema - Motorizirani stalak za zaslone ,1
308c,368,Multimedijska oprema - Motorizirani stalak za zaslone ,1
331a,3554,Multimedijska oprema - Motorizirani stalak za zaslone ,1
331b,3554,Multimedijska oprema - Motorizirani stalak za zaslone ,1
331c,3554,Multimedijska oprema - Motorizirani stalak za zaslone ,1
331d,3554,Multimedijska oprema - Motorizirani stalak za zaslone ,1
340,174,Multimedijska oprema - Motorizirani stalak za zaslone ,1
362b,5713,Multimedijska oprema - Prezentacijski ekran (s uključenim stalkom) ,1
362a,5713,Multimedijska oprema - Prezentacijski ekran (s uključenim stalkom) ,1
375,232,Multimedijska oprema - Prezentacijski ekran (s uključenim stalkom) ,1
382,316,Multimedijska oprema - Prezentacijski ekran (s uključenim stalkom) ,1
376c,3554,Multimedijska oprema - Prezentacijski ekran (s uključenim stalkom) ,1
376b,3554,Multimedijska oprema - Prezentacijski ekran (s uključenim stalkom) ,1
376a,3554,Multimedijska oprema - Prezentacijski ekran (s uključenim stalkom) ,1
384a,214,Multimedijska oprema - Prezentacijski ekran (s uključenim stalkom) ,1
384b,214,Multimedijska oprema - Prezentacijski ekran (s uključenim stalkom) ,1
371,125,Multimedijska oprema - Prezentacijski ekran (s uključenim stalkom) ,1
380b,222,Multimedijska oprema - Prezentacijski ekran (s uključenim stalkom) ,1
386,158,Multimedijska oprema - Prezentacijski ekran (s uključenim stalkom) ,1
353,5499,Multimedijska oprema - Prezentacijski ekran (s uključenim stalkom) ,1
381,5717,Multimedijska oprema - Prezentacijski ekran (s uključenim stalkom) ,1
359,536,Multimedijska oprema - Prezentacijski ekran (s uključenim stalkom) ,1
355,3409,Multimedijska oprema - Prezentacijski ekran (s uključenim stalkom) ,1
372,1939,Multimedijska oprema - Prezentacijski ekran (s uključenim stalkom) ,1
378,1907,Multimedijska oprema - Prezentacijski ekran (s uključenim stalkom) ,1
351,131,Multimedijska oprema - Prezentacijski ekran (s uključenim stalkom) ,1
354,153,Multimedijska oprema - Prezentacijski ekran (s uključenim stalkom) ,1
356,121,Multimedijska oprema - Prezentacijski ekran (s uključenim stalkom) ,1
360,191,Multimedijska oprema - Prezentacijski ekran (s uključenim stalkom) ,1
361,205,Multimedijska oprema - Prezentacijski ekran (s uključenim stalkom) ,1
364,3340,Multimedijska oprema - Prezentacijski ekran (s uključenim stalkom) ,1
367,141,Multimedijska oprema - Prezentacijski ekran (s uključenim stalkom) ,1
370,210,Multimedijska oprema - Prezentacijski ekran (s uključenim stalkom) ,1
374a,4497,Multimedijska oprema - Prezentacijski ekran (s uključenim stalkom) ,1
374b,4497,Multimedijska oprema - Prezentacijski ekran (s uključenim stalkom) ,1
379,113,Multimedijska oprema - Prezentacijski ekran (s uključenim stalkom) ,1
383,186,Multimedijska oprema - Prezentacijski ekran (s uključenim stalkom) ,1
388,206,Multimedijska oprema - Prezentacijski ekran (s uključenim stalkom) ,1
389,4589,Multimedijska oprema - Prezentacijski ekran (s uključenim stalkom) ,1
612,1972,Multimedijska oprema - Profesionalna web kamera,2
600,121,Multimedijska oprema - Profesionalna web kamera,2
601b,3385,Multimedijska oprema - Profesionalna web kamera,2
602,3986,Multimedijska oprema - Profesionalna web kamera,2
603,4660,Multimedijska oprema - Profesionalna web kamera,2
604,536,Multimedijska oprema - Profesionalna web kamera,2
605,136,Multimedijska oprema - Profesionalna web kamera,2
606,191,Multimedijska oprema - Profesionalna web kamera,2
607,130,Multimedijska oprema - Profesionalna web kamera,2
608,469,Multimedijska oprema - Profesionalna web kamera,2
609,250,Multimedijska oprema - Profesionalna web kamera,2
611,3482,Multimedijska oprema - Profesionalna web kamera,2
612,1972,Multimedijska oprema - Profesionalna web kamera,2
614,140,Multimedijska oprema - Profesionalna web kamera,2
615a,219,Multimedijska oprema - Profesionalna web kamera,2
616,141,Multimedijska oprema - Profesionalna web kamera,2
617,1944,Multimedijska oprema - Profesionalna web kamera,2
618,122,Multimedijska oprema - Profesionalna web kamera,2
619,154,Multimedijska oprema - Profesionalna web kamera,2
620,3795,Multimedijska oprema - Profesionalna web kamera,2
621,146,Multimedijska oprema - Profesionalna web kamera,2
622,210,Multimedijska oprema - Profesionalna web kamera,2
623,215,Multimedijska oprema - Profesionalna web kamera,2
624,215,Profesionalna web kamera,2
625,1939,Multimedijska oprema - Profesionalna web kamera,2
626,275,Multimedijska oprema - Profesionalna web kamera,2
627,138,Multimedijska oprema - Profesionalna web kamera,2
628,181,Multimedijska oprema - Profesionalna web kamera,2
629,3554,Multimedijska oprema - Profesionalna web kamera,2
630,1963,Multimedijska oprema - Profesionalna web kamera,2
631,161,Multimedijska oprema - Profesionalna web kamera,2
632a,221,Multimedijska oprema - Profesionalna web kamera,2
632b,221,Multimedijska oprema - Profesionalna web kamera,2
633,150,Multimedijska oprema - Profesionalna web kamera,2
634,184,Multimedijska oprema - Profesionalna web kamera,2
635,113,Multimedijska oprema - Profesionalna web kamera,2
646,203,Multimedijska oprema - Profesionalna web kamera,2
645,158,Multimedijska oprema - Profesionalna web kamera,2
644,174,Profesionalna web kamera,2
643,281,Multimedijska oprema - Profesionalna web kamera,2
642,172,Multimedijska oprema - Profesionalna web kamera,2
641,186,Multimedijska oprema - Profesionalna web kamera,2
640,174,Multimedijska oprema - Profesionalna web kamera,2
638,5717,Multimedijska oprema - Profesionalna web kamera,2
636,222,Multimedijska oprema - Profesionalna web kamera,2
599,3409,Multimedijska oprema - Profesionalna web kamera,2
598,368,Multimedijska oprema - Profesionalna web kamera,2
597,1918,Multimedijska oprema - Profesionalna web kamera,2
596,3689,Multimedijska oprema - Profesionalna web kamera,2
595,153,Multimedijska oprema - Profesionalna web kamera,2
592,131,Multimedijska oprema - Profesionalna web kamera,2
446,3385,Multimedijska oprema - Projektor s projekcijskim platnom Tip 1 ,2
453a,151,Projektor s projekcijskim platnom Tip 1,2
450a,152,Multimedijska oprema - Projektor s projekcijskim platnom Tip 1 ,2
509,214,Multimedijska oprema - Projektor s projekcijskim platnom Tip 2 ,2
498,138,Multimedijska oprema - Projektor s projekcijskim platnom Tip 2 ,2
494,215,Multimedijska oprema - Projektor s projekcijskim platnom Tip 2 ,2
492,177,Multimedijska oprema - Projektor s projekcijskim platnom Tip 2 ,2
491,141,Multimedijska oprema - Projektor s projekcijskim platnom Tip 2 ,2
488,3340,Multimedijska oprema - Projektor s projekcijskim platnom Tip 2 ,2
483,152,Multimedijska oprema - Projektor s projekcijskim platnom Tip 2 ,2
482,205,Multimedijska oprema - Projektor s projekcijskim platnom Tip 2 ,2
479,191,Multimedijska oprema - Projektor s projekcijskim platnom Tip 2 ,2
473,121,Multimedijska oprema - Projektor s projekcijskim platnom Tip 2 ,2
470,1918,Multimedijska oprema - Projektor s projekcijskim platnom Tip 2 ,2
469,3689,Multimedijska oprema - Projektor s projekcijskim platnom Tip 2 ,2
544,188,Multimedijska oprema - Projektor s projekcijskim platnom Tip 3 ,2
542a,186,Projektor s projekcijskim platnom Tip 3,2
536,1963,Multimedijska oprema - Projektor s projekcijskim platnom Tip 3 ,2
531b,215,Multimedijska oprema - Projektor s projekcijskim platnom Tip 3 ,2
531a,215,Multimedijska oprema - Projektor s projekcijskim platnom Tip 3 ,2
527,152,Multimedijska oprema - Projektor s projekcijskim platnom Tip 3 ,2
526,205,Multimedijska oprema - Projektor s projekcijskim platnom Tip 3 ,2
519,1918,Multimedijska oprema - Projektor s projekcijskim platnom Tip 3 ,2
518,3689,Multimedijska oprema - Projektor s projekcijskim platnom Tip 3 ,2
523,185,Multimedijska oprema - Projektor s projekcijskim platnom Tip 3 ,2
713,3637,Multimedijska oprema - Zvučnik s objedinjenim mikrofonom(speakerphone) i kamerom ,2
704,137,Multimedijska oprema - Zvučnik s objedinjenim mikrofonom(speakerphone) i kamerom ,2
746,158,Multimedijska oprema - Zvučnik s objedinjenim mikrofonom(speakerphone) i kamerom ,2
708,536,Multimedijska oprema - Zvučnik s objedinjenim mikrofonom(speakerphone) i kamerom ,2
737,222,Multimedijska oprema - Zvučnik s objedinjenim mikrofonom(speakerphone) i kamerom ,2
701,368,Multimedijska oprema - Zvučnik s objedinjenim mikrofonom(speakerphone) i kamerom ,2
742,170,Multimedijska oprema - Zvučnik s objedinjenim mikrofonom(speakerphone) i kamerom ,2
728,125,Multimedijska oprema - Zvučnik s objedinjenim mikrofonom(speakerphone) i kamerom ,2
731,181,Multimedijska oprema - Zvučnik s objedinjenim mikrofonom(speakerphone) i kamerom ,2
717,1972,Multimedijska oprema - Zvučnik s objedinjenim mikrofonom(speakerphone) i kamerom ,2
706,4660,Multimedijska oprema - Zvučnik s objedinjenim mikrofonom(speakerphone) i kamerom ,2
715,250,Multimedijska oprema - Zvučnik s objedinjenim mikrofonom(speakerphone) i kamerom ,2
723,173,Multimedijska oprema - Zvučnik s objedinjenim mikrofonom(speakerphone) i kamerom ,2
724,154,Multimedijska oprema - Zvučnik s objedinjenim mikrofonom(speakerphone) i kamerom ,2
736,169,Multimedijska oprema - Zvučnik s objedinjenim mikrofonom(speakerphone) i kamerom ,2
740,174,Multimedijska oprema - Zvučnik s objedinjenim mikrofonom(speakerphone) i kamerom ,2
741,172,Multimedijska oprema - Zvučnik s objedinjenim mikrofonom(speakerphone) i kamerom ,2
743,281,Multimedijska oprema - Zvučnik s objedinjenim mikrofonom(speakerphone) i kamerom ,2
745,147,Multimedijska oprema - Zvučnik s objedinjenim mikrofonom(speakerphone) i kamerom ,2
710,191,Multimedijska oprema - Zvučnik s objedinjenim mikrofonom(speakerphone) i kamerom ,2
750,206,Multimedijska oprema - Zvučnik s objedinjenim mikrofonom(speakerphone) i kamerom ,2
714,469,Multimedijska oprema - Zvučnik s objedinjenim mikrofonom(speakerphone) i kamerom ,2
712,130,Multimedijska oprema - Zvučnik s objedinjenim mikrofonom(speakerphone) i kamerom ,2
729,138,Multimedijska oprema - Zvučnik s objedinjenim mikrofonom(speakerphone) i kamerom ,2
751,188,Multimedijska oprema - Zvučnik s objedinjenim mikrofonom(speakerphone) i kamerom ,2
709,136,Multimedijska oprema - Zvučnik s objedinjenim mikrofonom(speakerphone) i kamerom ,2
749,203,Multimedijska oprema - Zvučnik s objedinjenim mikrofonom(speakerphone) i kamerom ,2
725,146,Multimedijska oprema - Zvučnik s objedinjenim mikrofonom(speakerphone) i kamerom ,2
722,141,Multimedijska oprema - Zvučnik s objedinjenim mikrofonom(speakerphone) i kamerom ,2
732,161,Multimedijska oprema - Zvučnik s objedinjenim mikrofonom(speakerphone) i kamerom ,2
727,215,Multimedijska oprema - Zvučnik s objedinjenim mikrofonom(speakerphone) i kamerom ,2
735,113,Multimedijska oprema - Zvučnik s objedinjenim mikrofonom(speakerphone) i kamerom ,2
703,198,Multimedijska oprema - Zvučnik s objedinjenim mikrofonom(speakerphone) i kamerom ,2
698,131,Multimedijska oprema - Zvučnik s objedinjenim mikrofonom(speakerphone) i kamerom ,2
719,140,Multimedijska oprema - Zvučnik s objedinjenim mikrofonom(speakerphone) i kamerom ,2
726,210,Multimedijska oprema - Zvučnik s objedinjenim mikrofonom(speakerphone) i kamerom ,2
702,121,Multimedijska oprema - Zvučnik s objedinjenim mikrofonom(speakerphone) i kamerom ,2
705,3986,Multimedijska oprema - Zvučnik s objedinjenim mikrofonom(speakerphone) i kamerom ,2
700,3689,Multimedijska oprema - Zvučnik s objedinjenim mikrofonom(speakerphone) i kamerom ,2
748,3324,Multimedijska oprema - Zvučnik s objedinjenim mikrofonom(speakerphone) i kamerom ,2
711,290,Multimedijska oprema - Zvučnik s objedinjenim mikrofonom(speakerphone) i kamerom ,2
601,368,Edukacijski set za obuku upravljanja dronom i zračnog snimanja,2
611,1972,Edukacijski set za obuku upravljanja dronom i zračnog snimanja,2
617,275,Edukacijski set za obuku upravljanja dronom i zračnog snimanja,2
624,222,Edukacijski set za obuku upravljanja dronom i zračnog snimanja,2
607,3637,Edukacijski set za obuku upravljanja dronom i zračnog snimanja,2
599,5499,Edukacijski set za obuku upravljanja dronom i zračnog snimanja,2
604,536,Edukacijski set za obuku upravljanja dronom i zračnog snimanja,2
623,6229,Edukacijski set za obuku upravljanja dronom i zračnog snimanja,2
616,182,Edukacijski set za obuku upravljanja dronom i zračnog snimanja,2
627,147,Edukacijski set za obuku upravljanja dronom i zračnog snimanja,2
625,174,Edukacijski set za obuku upravljanja dronom i zračnog snimanja,2
621,221,Edukacijski set za obuku upravljanja dronom i zračnog snimanja,2
620,3554,Edukacijski set za obuku upravljanja dronom i zračnog snimanja,2
609,250,Edukacijski set za obuku upravljanja dronom i zračnog snimanja,2
603,4660,Edukacijski set za obuku upravljanja dronom i zračnog snimanja,2
598,131,Edukacijski set za obuku upravljanja dronom i zračnog snimanja,2
619,4497,Edukacijski set za obuku upravljanja dronom i zračnog snimanja,2
615,3795,Edukacijski set za obuku upravljanja dronom i zračnog snimanja,2
302,133,Multimedijska oprema - Motorizirani stalak za zaslone ,2
305,149,Multimedijska oprema - Motorizirani stalak za zaslone ,2
315a,5713,Multimedijska oprema - Motorizirani stalak za zaslone ,2
315b,5713,Multimedijska oprema - Motorizirani stalak za zaslone ,2
315c,5713,Multimedijska oprema - Motorizirani stalak za zaslone ,2
319,151,Motorizirani stalak za zaslone,2
320,3545,Multimedijska oprema - Motorizirani stalak za zaslone ,2
337,163,Multimedijska oprema - Motorizirani stalak za zaslone ,2
339,316,Multimedijska oprema - Motorizirani stalak za zaslone ,2
344,5769,Multimedijska oprema - Motorizirani stalak za zaslone ,2
363g,1972,Multimedijska oprema - Prezentacijski ekran (s uključenim stalkom) ,2
363h,1972,Multimedijska oprema - Prezentacijski ekran (s uključenim stalkom) ,2
363f,1972,Multimedijska oprema - Prezentacijski ekran (s uključenim stalkom) ,2
363e,1972,Multimedijska oprema - Prezentacijski ekran (s uključenim stalkom) ,2
363d,1972,Multimedijska oprema - Prezentacijski ekran (s uključenim stalkom) ,2
363c,1972,Multimedijska oprema - Prezentacijski ekran (s uključenim stalkom) ,2
363b,1972,Multimedijska oprema - Prezentacijski ekran (s uključenim stalkom) ,2
373,3430,Multimedijska oprema - Prezentacijski ekran (s uključenim stalkom) ,2
363a,1972,Multimedijska oprema - Prezentacijski ekran (s uključenim stalkom) ,2
387,4917,Multimedijska oprema - Prezentacijski ekran (s uključenim stalkom) ,2
358,4919,Multimedijska oprema - Prezentacijski ekran (s uključenim stalkom) ,2
349,133,Multimedijska oprema - Prezentacijski ekran (s uključenim stalkom) ,2
352,149,Multimedijska oprema - Prezentacijski ekran (s uključenim stalkom) ,2
366,3545,Multimedijska oprema - Prezentacijski ekran (s uključenim stalkom) ,2
368,146,Multimedijska oprema - Prezentacijski ekran (s uključenim stalkom) ,2
385,5769,Multimedijska oprema - Prezentacijski ekran (s uključenim stalkom) ,2
357,3986,Multimedijska oprema - Prezentacijski ekran (s uključenim stalkom) ,2
380a,222,Multimedijska oprema - Prezentacijski ekran (s uključenim stalkom) ,2
377,221,Multimedijska oprema - Prezentacijski ekran (s uključenim stalkom) ,2
369,182,Multimedijska oprema - Prezentacijski ekran (s uključenim stalkom) ,2
362d,5713,Multimedijska oprema - Prezentacijski ekran (s uključenim stalkom) ,2
581,3689,Multimedijska oprema - USB preklopnik ,2
591,150,Multimedijska oprema - USB preklopnik ,2
588,122,Multimedijska oprema - USB preklopnik ,2
596,203,Multimedijska oprema - USB preklopnik ,2
584,130,Multimedijska oprema - USB preklopnik ,2
597,206,Multimedijska oprema - USB preklopnik ,2
592,6229,Multimedijska oprema - USB preklopnik ,2
589,275,Multimedijska oprema - USB preklopnik ,2
593,222,Multimedijska oprema - USB preklopnik ,2
586,1972,Multimedijska oprema - USB preklopnik ,2
582,368,Multimedijska oprema - USB preklopnik ,2
583,4660,Multimedijska oprema - USB preklopnik ,2
590,221,Multimedijska oprema - USB preklopnik ,2
594,174,Multimedijska oprema - USB preklopnik ,2
595,172,Multimedijska oprema - USB preklopnik ,2
543,206,Projektor s projekcijskim platnom Tip 3,2
733,221,Zvučnik s objedinjenim mikrofonom(speakerphone) i kamerom,2
734,1907,Zvučnik s objedinjenim mikrofonom(speakerphone) i kamerom,262,4589,Multimedijska oprema - Stolno računalo za postprodukciju,0
61,206,Multimedijska oprema - Stolno računalo za postprodukciju,0
60,203,Multimedijska oprema - Stolno računalo za postprodukciju,0
59,3324,Multimedijska oprema - Stolno računalo za postprodukciju,0
58,158,Multimedijska oprema - Stolno računalo za postprodukciju,0
57,147,Multimedijska oprema - Stolno računalo za postprodukciju,0
55,199,Multimedijska oprema - Stolno računalo za postprodukciju,0
53,316,Multimedijska oprema - Stolno računalo za postprodukciju,0
52,5717,Multimedijska oprema - Stolno računalo za postprodukciju,0
51,222,Multimedijska oprema - Stolno računalo za postprodukciju,0
50,169,Multimedijska oprema - Stolno računalo za postprodukciju,0
49,113,Multimedijska oprema - Stolno računalo za postprodukciju,0
48,184,Multimedijska oprema - Stolno računalo za postprodukciju,0
47,6229,Multimedijska oprema - Stolno računalo za postprodukciju,0
45,150,Multimedijska oprema - Stolno računalo za postprodukciju,0
43,3554,Multimedijska oprema - Stolno računalo za postprodukciju,0
42,232,Multimedijska oprema - Stolno računalo za postprodukciju,0
41,181,Multimedijska oprema - Stolno računalo za postprodukciju,0
40,3430,Multimedijska oprema - Stolno računalo za postprodukciju,0
39,138,Multimedijska oprema - Stolno računalo za postprodukciju,0
35,215,Multimedijska oprema - Stolno računalo za postprodukciju,0
34,245,Multimedijska oprema - Stolno računalo za postprodukciju,0
33,210,Multimedijska oprema - Stolno računalo za postprodukciju,0
32,146,Multimedijska oprema - Stolno računalo za postprodukciju,0
31,165,Multimedijska oprema - Stolno računalo za postprodukciju,0
30,122,Multimedijska oprema - Stolno računalo za postprodukciju,0
29,177,Multimedijska oprema - Stolno računalo za postprodukciju,0
28,141,Multimedijska oprema - Stolno računalo za postprodukciju,0
27,3545,Multimedijska oprema - Stolno računalo za postprodukciju,0
26,219,Multimedijska oprema - Stolno računalo za postprodukciju,0
25,140,Multimedijska oprema - Stolno računalo za postprodukciju,0
24,267,Multimedijska oprema - Stolno računalo za postprodukciju,0
23,3340,Multimedijska oprema - Stolno računalo za postprodukciju,0
22,1972,Multimedijska oprema - Stolno računalo za postprodukciju,0
21,5713,Multimedijska oprema - Stolno računalo za postprodukciju,0
20,250,Multimedijska oprema - Stolno računalo za postprodukciju,0
18,130,Multimedijska oprema - Stolno računalo za postprodukciju,0
17,205,Multimedijska oprema - Stolno računalo za postprodukciju,0
16,168,Multimedijska oprema - Stolno računalo za postprodukciju,0
15,185,Multimedijska oprema - Stolno računalo za postprodukciju,0
14,4914,Multimedijska oprema - Stolno računalo za postprodukciju,0
13,536,Multimedijska oprema - Stolno računalo za postprodukciju,0
12,4919,Multimedijska oprema - Stolno računalo za postprodukciju,0
11,4660,Multimedijska oprema - Stolno računalo za postprodukciju,0
10,3986,Multimedijska oprema - Stolno računalo za postprodukciju,0
9,198,Multimedijska oprema - Stolno računalo za postprodukciju,0
8,3409,Multimedijska oprema - Stolno računalo za postprodukciju,0
7,368,Multimedijska oprema - Stolno računalo za postprodukciju,0
6,1918,Multimedijska oprema - Stolno računalo za postprodukciju,0
5,3689,Multimedijska oprema - Stolno računalo za postprodukciju,0
4,132,Multimedijska oprema - Stolno računalo za postprodukciju,0
3,149,Multimedijska oprema - Stolno računalo za postprodukciju,0
2b,131,Multimedijska oprema - Stolno računalo za postprodukciju,0
2a,131,Multimedijska oprema - Stolno računalo za postprodukciju,0
1,133,Multimedijska oprema - Stolno računalo za postprodukciju,0
307,3689,Multimedijska oprema - Motorizirani stalak za zaslone ,0
308d,368,Multimedijska oprema - Motorizirani stalak za zaslone ,0
309,3385,Multimedijska oprema - Motorizirani stalak za zaslone ,0
313,130,Multimedijska oprema - Motorizirani stalak za zaslone ,0
314,469,Multimedijska oprema - Motorizirani stalak za zaslone ,0
317,140,Multimedijska oprema - Motorizirani stalak za zaslone ,0
318a,219,Multimedijska oprema - Motorizirani stalak za zaslone ,0
321,141,Multimedijska oprema - Motorizirani stalak za zaslone ,0
322,122,Multimedijska oprema - Motorizirani stalak za zaslone ,0
324,165,Multimedijska oprema - Motorizirani stalak za zaslone ,0
325,3795,Multimedijska oprema - Motorizirani stalak za zaslone ,0
326,182,Multimedijska oprema - Motorizirani stalak za zaslone ,0
329,138,Multimedijska oprema - Motorizirani stalak za zaslone ,0
332,161,Multimedijska oprema - Motorizirani stalak za zaslone ,0
334,150,Multimedijska oprema - Motorizirani stalak za zaslone ,0
342,214,Multimedijska oprema - Motorizirani stalak za zaslone ,0
346,206,Multimedijska oprema - Motorizirani stalak za zaslone ,0
347,4589,Multimedijska oprema - Motorizirani stalak za zaslone ,0
348,188,Multimedijska oprema - Motorizirani stalak za zaslone ,0
