EL,ID,Model,Number,Group
38,275,Multimedijska oprema - Stolno računalo za postprodukciju,1,G1
36,125,Multimedijska oprema - Stolno računalo za postprodukciju,1,G1
19,3637,Multimedijska oprema - Stolno računalo za postprodukciju,1,G1
306,5499,Multimedijska oprema - Motorizirani stalak za zaslone ,1,G2
310,3986,Multimedijska oprema - Motorizirani stalak za zaslone ,1,G2
311,290,Multimedijska oprema - Motorizirani stalak za zaslone ,1,G2
312,168,Multimedijska oprema - Motorizirani stalak za zaslone ,1,G2
316,1972,Multimedijska oprema - Motorizirani stalak za zaslone ,1,G2
323,173,Multimedijska oprema - Motorizirani stalak za zaslone ,1,G2
327,1939,Multimedijska oprema - Motorizirani stalak za zaslone ,1,G2
328,275,Multimedijska oprema - Motorizirani stalak za zaslone ,1,G2
333a,221,Multimedijska oprema - Motorizirani stalak za zaslone ,1,G2
335,6229,Multimedijska oprema - Motorizirani stalak za zaslone ,1,G2
336a,222,Multimedijska oprema - Motorizirani stalak za zaslone ,1,G2
336b,222,Multimedijska oprema - Motorizirani stalak za zaslone ,1,G2
336c,222,Multimedijska oprema - Motorizirani stalak za zaslone ,1,G2
338,5717,Multimedijska oprema - Motorizirani stalak za zaslone ,1,G2
341,172,Multimedijska oprema - Motorizirani stalak za zaslone ,1,G2
343,281,Multimedijska oprema - Motorizirani stalak za zaslone ,1,G2
345,158,Multimedijska oprema - Motorizirani stalak za zaslone ,1,G2
308a,368,Multimedijska oprema - Motorizirani stalak za zaslone ,1,G2
308b,368,Multimedijska oprema - Motorizirani stalak za zaslone ,1,G2
308c,368,Multimedijska oprema - Motorizirani stalak za zaslone ,1,G2
331a,3554,Multimedijska oprema - Motorizirani stalak za zaslone ,1,G2
331b,3554,Multimedijska oprema - Motorizirani stalak za zaslone ,1,G2
331c,3554,Multimedijska oprema - Motorizirani stalak za zaslone ,1,G2
331d,3554,Multimedijska oprema - Motorizirani stalak za zaslone ,1,G2
340,174,Multimedijska oprema - Motorizirani stalak za zaslone ,1,G2
362b,5713,Multimedijska oprema - Prezentacijski ekran (s uključenim stalkom) ,1,G2
362a,5713,Multimedijska oprema - Prezentacijski ekran (s uključenim stalkom) ,1,G2
375,232,Multimedijska oprema - Prezentacijski ekran (s uključenim stalkom) ,1,G2
382,316,Multimedijska oprema - Prezentacijski ekran (s uključenim stalkom) ,1,G2
376c,3554,Multimedijska oprema - Prezentacijski ekran (s uključenim stalkom) ,1,G2
376b,3554,Multimedijska oprema - Prezentacijski ekran (s uključenim stalkom) ,1,G2
376a,3554,Multimedijska oprema - Prezentacijski ekran (s uključenim stalkom) ,1,G2
384a,214,Multimedijska oprema - Prezentacijski ekran (s uključenim stalkom) ,1,G2
384b,214,Multimedijska oprema - Prezentacijski ekran (s uključenim stalkom) ,1,G2
371,125,Multimedijska oprema - Prezentacijski ekran (s uključenim stalkom) ,1,G2
380b,222,Multimedijska oprema - Prezentacijski ekran (s uključenim stalkom) ,1,G2
386,158,Multimedijska oprema - Prezentacijski ekran (s uključenim stalkom) ,1,G2
353,5499,Multimedijska oprema - Prezentacijski ekran (s uključenim stalkom) ,1,G2
381,5717,Multimedijska oprema - Prezentacijski ekran (s uključenim stalkom) ,1,G2
359,536,Multimedijska oprema - Prezentacijski ekran (s uključenim stalkom) ,1,G2
355,3409,Multimedijska oprema - Prezentacijski ekran (s uključenim stalkom) ,1,G2
372,1939,Multimedijska oprema - Prezentacijski ekran (s uključenim stalkom) ,1,G2
378,1907,Multimedijska oprema - Prezentacijski ekran (s uključenim stalkom) ,1,G2
351,131,Multimedijska oprema - Prezentacijski ekran (s uključenim stalkom) ,1,G2
354,153,Multimedijska oprema - Prezentacijski ekran (s uključenim stalkom) ,1,G2
356,121,Multimedijska oprema - Prezentacijski ekran (s uključenim stalkom) ,1,G2
360,191,Multimedijska oprema - Prezentacijski ekran (s uključenim stalkom) ,1,G2
361,205,Multimedijska oprema - Prezentacijski ekran (s uključenim stalkom) ,1,G2
364,3340,Multimedijska oprema - Prezentacijski ekran (s uključenim stalkom) ,1,G2
367,141,Multimedijska oprema - Prezentacijski ekran (s uključenim stalkom) ,1,G2
370,210,Multimedijska oprema - Prezentacijski ekran (s uključenim stalkom) ,1,G2
374a,4497,Multimedijska oprema - Prezentacijski ekran (s uključenim stalkom) ,1,G2
374b,4497,Multimedijska oprema - Prezentacijski ekran (s uključenim stalkom) ,1,G2
379,113,Multimedijska oprema - Prezentacijski ekran (s uključenim stalkom) ,1,G2
383,186,Multimedijska oprema - Prezentacijski ekran (s uključenim stalkom) ,1,G2
388,206,Multimedijska oprema - Prezentacijski ekran (s uključenim stalkom) ,1,G2
389,4589,Multimedijska oprema - Prezentacijski ekran (s uključenim stalkom) ,1,G2
612,1972,Multimedijska oprema - Profesionalna web kamera,2,G1
600,121,Multimedijska oprema - Profesionalna web kamera,2,G1
601b,3385,Multimedijska oprema - Profesionalna web kamera,2,G1
602,3986,Multimedijska oprema - Profesionalna web kamera,2,G1
603,4660,Multimedijska oprema - Profesionalna web kamera,2,G1
604,536,Multimedijska oprema - Profesionalna web kamera,2,G1
605,136,Multimedijska oprema - Profesionalna web kamera,2,G1
606,191,Multimedijska oprema - Profesionalna web kamera,2,G1
607,130,Multimedijska oprema - Profesionalna web kamera,2,G1
608,469,Multimedijska oprema - Profesionalna web kamera,2,G1
609,250,Multimedijska oprema - Profesionalna web kamera,2,G1
611,3482,Multimedijska oprema - Profesionalna web kamera,2,G1
612,1972,Multimedijska oprema - Profesionalna web kamera,2,G1
614,140,Multimedijska oprema - Profesionalna web kamera,2,G1
615a,219,Multimedijska oprema - Profesionalna web kamera,2,G1
616,141,Multimedijska oprema - Profesionalna web kamera,2,G1
617,1944,Multimedijska oprema - Profesionalna web kamera,2,G1
618,122,Multimedijska oprema - Profesionalna web kamera,2,G1
619,154,Multimedijska oprema - Profesionalna web kamera,2,G1
620,3795,Multimedijska oprema - Profesionalna web kamera,2,G1
621,146,Multimedijska oprema - Profesionalna web kamera,2,G1
622,210,Multimedijska oprema - Profesionalna web kamera,2,G1
623,215,Multimedijska oprema - Profesionalna web kamera,2,G1
624,215,Profesionalna web kamera,2,G1
625,1939,Multimedijska oprema - Profesionalna web kamera,2,G1
626,275,Multimedijska oprema - Profesionalna web kamera,2,G1
627,138,Multimedijska oprema - Profesionalna web kamera,2,G1
628,181,Multimedijska oprema - Profesionalna web kamera,2,G1
629,3554,Multimedijska oprema - Profesionalna web kamera,2,G1
630,1963,Multimedijska oprema - Profesionalna web kamera,2,G1
631,161,Multimedijska oprema - Profesionalna web kamera,2,G1
632a,221,Multimedijska oprema - Profesionalna web kamera,2,G1
632b,221,Multimedijska oprema - Profesionalna web kamera,2,G1
633,150,Multimedijska oprema - Profesionalna web kamera,2,G1
634,184,Multimedijska oprema - Profesionalna web kamera,2,G1
635,113,Multimedijska oprema - Profesionalna web kamera,2,G1
646,203,Multimedijska oprema - Profesionalna web kamera,2,G1
645,158,Multimedijska oprema - Profesionalna web kamera,2,G1
644,174,Profesionalna web kamera,2,G1
643,281,Multimedijska oprema - Profesionalna web kamera,2,G1
642,172,Multimedijska oprema - Profesionalna web kamera,2,G1
641,186,Multimedijska oprema - Profesionalna web kamera,2,G1
640,174,Multimedijska oprema - Profesionalna web kamera,2,G1
638,5717,Multimedijska oprema - Profesionalna web kamera,2,G1
636,222,Multimedijska oprema - Profesionalna web kamera,2,G1
599,3409,Multimedijska oprema - Profesionalna web kamera,2,G1
598,368,Multimedijska oprema - Profesionalna web kamera,2,G1
597,1918,Multimedijska oprema - Profesionalna web kamera,2,G1
596,3689,Multimedijska oprema - Profesionalna web kamera,2,G1
595,153,Multimedijska oprema - Profesionalna web kamera,2,G1
592,131,Multimedijska oprema - Profesionalna web kamera,2,G1
446,3385,Multimedijska oprema - Projektor s projekcijskim platnom Tip 1 ,2,G1
453a,151,Projektor s projekcijskim platnom Tip 1,2,G1
450a,152,Multimedijska oprema - Projektor s projekcijskim platnom Tip 1 ,2,G1
509,214,Multimedijska oprema - Projektor s projekcijskim platnom Tip 2 ,2,G1
498,138,Multimedijska oprema - Projektor s projekcijskim platnom Tip 2 ,2,G1
494,215,Multimedijska oprema - Projektor s projekcijskim platnom Tip 2 ,2,G1
492,177,Multimedijska oprema - Projektor s projekcijskim platnom Tip 2 ,2,G1
491,141,Multimedijska oprema - Projektor s projekcijskim platnom Tip 2 ,2,G1
488,3340,Multimedijska oprema - Projektor s projekcijskim platnom Tip 2 ,2,G1
483,152,Multimedijska oprema - Projektor s projekcijskim platnom Tip 2 ,2,G1
482,205,Multimedijska oprema - Projektor s projekcijskim platnom Tip 2 ,2,G1
479,191,Multimedijska oprema - Projektor s projekcijskim platnom Tip 2 ,2,G1
473,121,Multimedijska oprema - Projektor s projekcijskim platnom Tip 2 ,2,G1
470,1918,Multimedijska oprema - Projektor s projekcijskim platnom Tip 2 ,2,G1
469,3689,Multimedijska oprema - Projektor s projekcijskim platnom Tip 2 ,2,G1
544,188,Multimedijska oprema - Projektor s projekcijskim platnom Tip 3 ,2,G1
542a,186,Projektor s projekcijskim platnom Tip 3,2,G1
536,1963,Multimedijska oprema - Projektor s projekcijskim platnom Tip 3 ,2,G1
531b,215,Multimedijska oprema - Projektor s projekcijskim platnom Tip 3 ,2,G1
531a,215,Multimedijska oprema - Projektor s projekcijskim platnom Tip 3 ,2,G1
527,152,Multimedijska oprema - Projektor s projekcijskim platnom Tip 3 ,2,G1
526,205,Multimedijska oprema - Projektor s projekcijskim platnom Tip 3 ,2,G1
519,1918,Multimedijska oprema - Projektor s projekcijskim platnom Tip 3 ,2,G1
518,3689,Multimedijska oprema - Projektor s projekcijskim platnom Tip 3 ,2,G1
523,185,Multimedijska oprema - Projektor s projekcijskim platnom Tip 3 ,2,G1
713,3637,Multimedijska oprema - Zvučnik s objedinjenim mikrofonom(speakerphone) i kamerom ,2,G1
704,137,Multimedijska oprema - Zvučnik s objedinjenim mikrofonom(speakerphone) i kamerom ,2,G1
746,158,Multimedijska oprema - Zvučnik s objedinjenim mikrofonom(speakerphone) i kamerom ,2,G1
708,536,Multimedijska oprema - Zvučnik s objedinjenim mikrofonom(speakerphone) i kamerom ,2,G1
737,222,Multimedijska oprema - Zvučnik s objedinjenim mikrofonom(speakerphone) i kamerom ,2,G1
701,368,Multimedijska oprema - Zvučnik s objedinjenim mikrofonom(speakerphone) i kamerom ,2,G1
742,170,Multimedijska oprema - Zvučnik s objedinjenim mikrofonom(speakerphone) i kamerom ,2,G1
728,125,Multimedijska oprema - Zvučnik s objedinjenim mikrofonom(speakerphone) i kamerom ,2,G1
731,181,Multimedijska oprema - Zvučnik s objedinjenim mikrofonom(speakerphone) i kamerom ,2,G1
717,1972,Multimedijska oprema - Zvučnik s objedinjenim mikrofonom(speakerphone) i kamerom ,2,G1
706,4660,Multimedijska oprema - Zvučnik s objedinjenim mikrofonom(speakerphone) i kamerom ,2,G1
715,250,Multimedijska oprema - Zvučnik s objedinjenim mikrofonom(speakerphone) i kamerom ,2,G1
723,173,Multimedijska oprema - Zvučnik s objedinjenim mikrofonom(speakerphone) i kamerom ,2,G1
724,154,Multimedijska oprema - Zvučnik s objedinjenim mikrofonom(speakerphone) i kamerom ,2,G1
736,169,Multimedijska oprema - Zvučnik s objedinjenim mikrofonom(speakerphone) i kamerom ,2,G1
740,174,Multimedijska oprema - Zvučnik s objedinjenim mikrofonom(speakerphone) i kamerom ,2,G1
741,172,Multimedijska oprema - Zvučnik s objedinjenim mikrofonom(speakerphone) i kamerom ,2,G1
743,281,Multimedijska oprema - Zvučnik s objedinjenim mikrofonom(speakerphone) i kamerom ,2,G1
745,147,Multimedijska oprema - Zvučnik s objedinjenim mikrofonom(speakerphone) i kamerom ,2,G1
710,191,Multimedijska oprema - Zvučnik s objedinjenim mikrofonom(speakerphone) i kamerom ,2,G1
750,206,Multimedijska oprema - Zvučnik s objedinjenim mikrofonom(speakerphone) i kamerom ,2,G1
714,469,Multimedijska oprema - Zvučnik s objedinjenim mikrofonom(speakerphone) i kamerom ,2,G1
712,130,Multimedijska oprema - Zvučnik s objedinjenim mikrofonom(speakerphone) i kamerom ,2,G1
729,138,Multimedijska oprema - Zvučnik s objedinjenim mikrofonom(speakerphone) i kamerom ,2,G1
751,188,Multimedijska oprema - Zvučnik s objedinjenim mikrofonom(speakerphone) i kamerom ,2,G1
709,136,Multimedijska oprema - Zvučnik s objedinjenim mikrofonom(speakerphone) i kamerom ,2,G1
749,203,Multimedijska oprema - Zvučnik s objedinjenim mikrofonom(speakerphone) i kamerom ,2,G1
725,146,Multimedijska oprema - Zvučnik s objedinjenim mikrofonom(speakerphone) i kamerom ,2,G1
722,141,Multimedijska oprema - Zvučnik s objedinjenim mikrofonom(speakerphone) i kamerom ,2,G1
732,161,Multimedijska oprema - Zvučnik s objedinjenim mikrofonom(speakerphone) i kamerom ,2,G1
727,215,Multimedijska oprema - Zvučnik s objedinjenim mikrofonom(speakerphone) i kamerom ,2,G1
735,113,Multimedijska oprema - Zvučnik s objedinjenim mikrofonom(speakerphone) i kamerom ,2,G1
703,198,Multimedijska oprema - Zvučnik s objedinjenim mikrofonom(speakerphone) i kamerom ,2,G1
698,131,Multimedijska oprema - Zvučnik s objedinjenim mikrofonom(speakerphone) i kamerom ,2,G1
719,140,Multimedijska oprema - Zvučnik s objedinjenim mikrofonom(speakerphone) i kamerom ,2,G1
726,210,Multimedijska oprema - Zvučnik s objedinjenim mikrofonom(speakerphone) i kamerom ,2,G1
702,121,Multimedijska oprema - Zvučnik s objedinjenim mikrofonom(speakerphone) i kamerom ,2,G1
705,3986,Multimedijska oprema - Zvučnik s objedinjenim mikrofonom(speakerphone) i kamerom ,2,G1
700,3689,Multimedijska oprema - Zvučnik s objedinjenim mikrofonom(speakerphone) i kamerom ,2,G1
748,3324,Multimedijska oprema - Zvučnik s objedinjenim mikrofonom(speakerphone) i kamerom ,2,G1
711,290,Multimedijska oprema - Zvučnik s objedinjenim mikrofonom(speakerphone) i kamerom ,2,G1
601,368,Edukacijski set za obuku upravljanja dronom i zračnog snimanja,2,G2
611,1972,Edukacijski set za obuku upravljanja dronom i zračnog snimanja,2,G2
617,275,Edukacijski set za obuku upravljanja dronom i zračnog snimanja,2,G2
624,222,Edukacijski set za obuku upravljanja dronom i zračnog snimanja,2,G2
607,3637,Edukacijski set za obuku upravljanja dronom i zračnog snimanja,2,G2
599,5499,Edukacijski set za obuku upravljanja dronom i zračnog snimanja,2,G2
604,536,Edukacijski set za obuku upravljanja dronom i zračnog snimanja,2,G2
623,6229,Edukacijski set za obuku upravljanja dronom i zračnog snimanja,2,G2
616,182,Edukacijski set za obuku upravljanja dronom i zračnog snimanja,2,G2
627,147,Edukacijski set za obuku upravljanja dronom i zračnog snimanja,2,G2
625,174,Edukacijski set za obuku upravljanja dronom i zračnog snimanja,2,G2
621,221,Edukacijski set za obuku upravljanja dronom i zračnog snimanja,2,G2
620,3554,Edukacijski set za obuku upravljanja dronom i zračnog snimanja,2,G2
609,250,Edukacijski set za obuku upravljanja dronom i zračnog snimanja,2,G2
603,4660,Edukacijski set za obuku upravljanja dronom i zračnog snimanja,2,G2
598,131,Edukacijski set za obuku upravljanja dronom i zračnog snimanja,2,G2
619,4497,Edukacijski set za obuku upravljanja dronom i zračnog snimanja,2,G2
615,3795,Edukacijski set za obuku upravljanja dronom i zračnog snimanja,2,G2
302,133,Multimedijska oprema - Motorizirani stalak za zaslone ,2,G2
305,149,Multimedijska oprema - Motorizirani stalak za zaslone ,2,G2
315a,5713,Multimedijska oprema - Motorizirani stalak za zaslone ,2,G2
315b,5713,Multimedijska oprema - Motorizirani stalak za zaslone ,2,G2
315c,5713,Multimedijska oprema - Motorizirani stalak za zaslone ,2,G2
319,151,Motorizirani stalak za zaslone,2,G2
320,3545,Multimedijska oprema - Motorizirani stalak za zaslone ,2,G2
337,163,Multimedijska oprema - Motorizirani stalak za zaslone ,2,G2
339,316,Multimedijska oprema - Motorizirani stalak za zaslone ,2,G2
344,5769,Multimedijska oprema - Motorizirani stalak za zaslone ,2,G2
363g,1972,Multimedijska oprema - Prezentacijski ekran (s uključenim stalkom) ,2,G2
363h,1972,Multimedijska oprema - Prezentacijski ekran (s uključenim stalkom) ,2,G2
363f,1972,Multimedijska oprema - Prezentacijski ekran (s uključenim stalkom) ,2,G2
363e,1972,Multimedijska oprema - Prezentacijski ekran (s uključenim stalkom) ,2,G2
363d,1972,Multimedijska oprema - Prezentacijski ekran (s uključenim stalkom) ,2,G2
363c,1972,Multimedijska oprema - Prezentacijski ekran (s uključenim stalkom) ,2,G2
363b,1972,Multimedijska oprema - Prezentacijski ekran (s uključenim stalkom) ,2,G2
373,3430,Multimedijska oprema - Prezentacijski ekran (s uključenim stalkom) ,2,G2
363a,1972,Multimedijska oprema - Prezentacijski ekran (s uključenim stalkom) ,2,G2
387,4917,Multimedijska oprema - Prezentacijski ekran (s uključenim stalkom) ,2,G2
358,4919,Multimedijska oprema - Prezentacijski ekran (s uključenim stalkom) ,2,G2
349,133,Multimedijska oprema - Prezentacijski ekran (s uključenim stalkom) ,2,G2
352,149,Multimedijska oprema - Prezentacijski ekran (s uključenim stalkom) ,2,G2
366,3545,Multimedijska oprema - Prezentacijski ekran (s uključenim stalkom) ,2,G2
368,146,Multimedijska oprema - Prezentacijski ekran (s uključenim stalkom) ,2,G2
385,5769,Multimedijska oprema - Prezentacijski ekran (s uključenim stalkom) ,2,G2
357,3986,Multimedijska oprema - Prezentacijski ekran (s uključenim stalkom) ,2,G2
380a,222,Multimedijska oprema - Prezentacijski ekran (s uključenim stalkom) ,2,G2
377,221,Multimedijska oprema - Prezentacijski ekran (s uključenim stalkom) ,2,G2
369,182,Multimedijska oprema - Prezentacijski ekran (s uključenim stalkom) ,2,G2
362d,5713,Multimedijska oprema - Prezentacijski ekran (s uključenim stalkom) ,2,G2
581,3689,Multimedijska oprema - USB preklopnik ,2,G2
591,150,Multimedijska oprema - USB preklopnik ,2,G2
588,122,Multimedijska oprema - USB preklopnik ,2,G2
596,203,Multimedijska oprema - USB preklopnik ,2,G2
584,130,Multimedijska oprema - USB preklopnik ,2,G2
597,206,Multimedijska oprema - USB preklopnik ,2,G2
592,6229,Multimedijska oprema - USB preklopnik ,2,G2
589,275,Multimedijska oprema - USB preklopnik ,2,G2
593,222,Multimedijska oprema - USB preklopnik ,2,G2
586,1972,Multimedijska oprema - USB preklopnik ,2,G2
582,368,Multimedijska oprema - USB preklopnik ,2,G2
583,4660,Multimedijska oprema - USB preklopnik ,2,G2
590,221,Multimedijska oprema - USB preklopnik ,2,G2
594,174,Multimedijska oprema - USB preklopnik ,2,G2
595,172,Multimedijska oprema - USB preklopnik ,2,G2
543,206,Projektor s projekcijskim platnom Tip 3,2,G1
733,221,Zvučnik s objedinjenim mikrofonom(speakerphone) i kamerom,2,G1
734,1907,Zvučnik s objedinjenim mikrofonom(speakerphone) i kamerom,262,G1
61,206,Multimedijska oprema - Stolno računalo za postprodukciju,0,G1
60,203,Multimedijska oprema - Stolno računalo za postprodukciju,0,G1
59,3324,Multimedijska oprema - Stolno računalo za postprodukciju,0,G1
58,158,Multimedijska oprema - Stolno računalo za postprodukciju,0,G1
57,147,Multimedijska oprema - Stolno računalo za postprodukciju,0,G1
55,199,Multimedijska oprema - Stolno računalo za postprodukciju,0,G1
53,316,Multimedijska oprema - Stolno računalo za postprodukciju,0,G1
52,5717,Multimedijska oprema - Stolno računalo za postprodukciju,0,G1
51,222,Multimedijska oprema - Stolno računalo za postprodukciju,0,G1
50,169,Multimedijska oprema - Stolno računalo za postprodukciju,0,G1
49,113,Multimedijska oprema - Stolno računalo za postprodukciju,0,G1
48,184,Multimedijska oprema - Stolno računalo za postprodukciju,0,G1
47,6229,Multimedijska oprema - Stolno računalo za postprodukciju,0,G1
45,150,Multimedijska oprema - Stolno računalo za postprodukciju,0,G1
43,3554,Multimedijska oprema - Stolno računalo za postprodukciju,0,G1
42,232,Multimedijska oprema - Stolno računalo za postprodukciju,0,G1
41,181,Multimedijska oprema - Stolno računalo za postprodukciju,0,G1
40,3430,Multimedijska oprema - Stolno računalo za postprodukciju,0,G1
39,138,Multimedijska oprema - Stolno računalo za postprodukciju,0,G1
35,215,Multimedijska oprema - Stolno računalo za postprodukciju,0,G1
34,245,Multimedijska oprema - Stolno računalo za postprodukciju,0,G1
33,210,Multimedijska oprema - Stolno računalo za postprodukciju,0,G1
32,146,Multimedijska oprema - Stolno računalo za postprodukciju,0,G1
31,165,Multimedijska oprema - Stolno računalo za postprodukciju,0,G1
30,122,Multimedijska oprema - Stolno računalo za postprodukciju,0,G1
29,177,Multimedijska oprema - Stolno računalo za postprodukciju,0,G1
28,141,Multimedijska oprema - Stolno računalo za postprodukciju,0,G1
27,3545,Multimedijska oprema - Stolno računalo za postprodukciju,0,G1
26,219,Multimedijska oprema - Stolno računalo za postprodukciju,0,G1
25,140,Multimedijska oprema - Stolno računalo za postprodukciju,0,G1
24,267,Multimedijska oprema - Stolno računalo za postprodukciju,0,G1
23,3340,Multimedijska oprema - Stolno računalo za postprodukciju,0,G1
22,1972,Multimedijska oprema - Stolno računalo za postprodukciju,0,G1
21,5713,Multimedijska oprema - Stolno računalo za postprodukciju,0,G1
20,250,Multimedijska oprema - Stolno računalo za postprodukciju,0,G1
18,130,Multimedijska oprema - Stolno računalo za postprodukciju,0,G1
17,205,Multimedijska oprema - Stolno računalo za postprodukciju,0,G1
16,168,Multimedijska oprema - Stolno računalo za postprodukciju,0,G1
15,185,Multimedijska oprema - Stolno računalo za postprodukciju,0,G1
14,4914,Multimedijska oprema - Stolno računalo za postprodukciju,0,G1
13,536,Multimedijska oprema - Stolno računalo za postprodukciju,0,G1
12,4919,Multimedijska oprema - Stolno računalo za postprodukciju,0,G1
11,4660,Multimedijska oprema - Stolno računalo za postprodukciju,0,G1
10,3986,Multimedijska oprema - Stolno računalo za postprodukciju,0,G1
9,198,Multimedijska oprema - Stolno računalo za postprodukciju,0,G1
8,3409,Multimedijska oprema - Stolno računalo za postprodukciju,0,G1
7,368,Multimedijska oprema - Stolno računalo za postprodukciju,0,G1
6,1918,Multimedijska oprema - Stolno računalo za postprodukciju,0,G1
5,3689,Multimedijska oprema - Stolno računalo za postprodukciju,0,G1
4,132,Multimedijska oprema - Stolno računalo za postprodukciju,0,G1
3,149,Multimedijska oprema - Stolno računalo za postprodukciju,0,G1
2b,131,Multimedijska oprema - Stolno računalo za postprodukciju,0,G1
2a,131,Multimedijska oprema - Stolno računalo za postprodukciju,0,G1
1,133,Multimedijska oprema - Stolno računalo za postprodukciju,0,G1
307,3689,Multimedijska oprema - Motorizirani stalak za zaslone ,0,G2
308d,368,Multimedijska oprema - Motorizirani stalak za zaslone ,0,G2
309,3385,Multimedijska oprema - Motorizirani stalak za zaslone ,0,G2
313,130,Multimedijska oprema - Motorizirani stalak za zaslone ,0,G2
314,469,Multimedijska oprema - Motorizirani stalak za zaslone ,0,G2
317,140,Multimedijska oprema - Motorizirani stalak za zaslone ,0,G2
318a,219,Multimedijska oprema - Motorizirani stalak za zaslone ,0,G2
321,141,Multimedijska oprema - Motorizirani stalak za zaslone ,0,G2
322,122,Multimedijska oprema - Motorizirani stalak za zaslone ,0,G2
324,165,Multimedijska oprema - Motorizirani stalak za zaslone ,0,G2
325,3795,Multimedijska oprema - Motorizirani stalak za zaslone ,0,G2
326,182,Multimedijska oprema - Motorizirani stalak za zaslone ,0,G2
329,138,Multimedijska oprema - Motorizirani stalak za zaslone ,0,G2
332,161,Multimedijska oprema - Motorizirani stalak za zaslone ,0,G2
334,150,Multimedijska oprema - Motorizirani stalak za zaslone ,0,G2
342,214,Multimedijska oprema - Motorizirani stalak za zaslone ,0,G2
346,206,Multimedijska oprema - Motorizirani stalak za zaslone ,0,G2
347,4589,Multimedijska oprema - Motorizirani stalak za zaslone ,0,G2
348,188,Multimedijska oprema - Motorizirani stalak za zaslone ,0,G2
